Workbook

Sheet Certificate
A1: C | B1: A | C1: N | D1: F | E1: 4567 | AA1: Date : | AC1: DDth February YYYY
K2: CERTIFICATE | Z2: Cert | AC2: Table 7, 11 | AF2: Dwg | AI2: Total
K4: FOR
J5: COMPLIANCE TO THE CENTRAL MOTOR VEHICLES RULES | AO5: Left Margin | AU5: 0.75
A7: 1. | B7: In order to establish compliance to the provisions of CMVR, 1989, applicable as on date, documental verification / necessary testing was carried out, on the following base model & it's variant(s), submitted by the vehicle manufacturer / importer referred below: | AO7: Right Margin | AU7: 0.35
B9: Documental Reference/ This Certificate Supercedes | K9: Vehicle Manufacturer / Importer | AO9: Top Margin | AU9: 1.54
K10: M/s XXX Ltd.
K11: XXX | AO11: Bottom Margin | AU11: 0
K13: Plant : | AO13: Header Margin | AU13: 0
B14: Diesel Engine Model / Type | L14: Power | U14: Capacity (cm3) | Z14: Engine Manufacturer
AO15: Footer Margin | AU15: 0.2
B17: Base Model | S17: Type & Category | Z17: Seating Capacity (incl driver) | AF17: GVW (kg)
B19: XXXX | S19: X | Z19: X | AF19: X
B21: Variant(s) | K21: Refer ANNEXURE - III
A22: 1a. | B22: Brief technical specifications (----) of the base model & it's variant(s) as declared by the vehicle manufacturer / importer are enclosed with this certificate. Detailed specifications (----) of the base model & it's variant(s) are also separately issued to the vehicle manufacturer / importer.
A26: 2. | B26: It is certified that the above base model & it's variant(s) comply with the provisions of the CMVR, 1989, as amended up-to-date, including following requirements, (as detailed at ANNEXURE - I, IA & IB):
B28: Standards | O28: Notification | T28: Date | Y28: Effective From | AD28: Applicable CMVR
B29: Bharat Stage – IV, OBD - I & OBD - II | O29: GSR 84(E) | T29: 09.02.2009 | Y29: 01.04.2010 | AD29: 115 (15)(a),(b)(i)
Y30: 01.04.2013
O31: GSR 643(E) | T31: 19.08.2015 | Y31: 01.04.2017 | AD31: 115 (15) (a) (aa)
B32: Free Acceleration Smoke | O32: GSR 498(E) | T32: 16.06.2015 | Y32: 16.06.2015 | AD32: 115 (2) (ii)
B33: Refer ANNEXURE - II
A34: 3. | B34: This Certificate is issued as per CMV Rule 126, to establish compliance with the Central Motor Vehicles Rules, 1989, and shall not be construed as a certificate of compliance to any rules other than those listed in ANNEXURE - I, IA, IB & II. Compliance to these rules has been verified based on the use of specific components / parts / assemblies etc. details of which are given in the detailed specifications duly endorsed by ICAT as mentioned at Para. 1a above. It is the vehicle manufacturer's / importer's responsibility to ensure fitment of same components / parts / assemblies etc. before submission of the vehicle for registration.
A39: 4. | B39: This Certificate is issued as per DGFT Notification No. 4(RE-2001)1997-2002 dt. March 31, 2001 for further amendment therein, as applicable.
A41: 5. | B41: This Certificate is valid up to DDth MONTH YYYY. | AA41: Please turn over for DISCLAIMER
A42: AUTHORISED SIGNATORY
A48: PRASHANT VIJAY | U48: DINESH TYAGI | AI48: Page 1 of
A49: DEPUTY GENERAL MANAGER | U49: DIRECTOR | AI49: 6

Sheet Annexure - I
A1: =Certificate!A1 -> C | B1: =Certificate!B1 -> A | C1: =Certificate!C1 -> N | D1: =Certificate!D1 -> F | E1: =Certificate!E1 -> 4567 | H1: =Certificate!H1 -> 0 | AA1: Date : | AC1: DDth Month YYYY
A2: =Certificate!K10 -> M/s XXX Ltd. | P2: ANNEXURE - I | U2: =Certificate!B19 -> XXXX
A3: Rule No. | D3: Sub Rule(s) | K3: Compliance Verified For | AB3: Standard
A4: 93 | D4: (1), (2), (4), (6) & (7) | K4: Overall dimension of motor vehicles | AB4: -
A5: 94 | D5: (1), (2) & (3) | K5: Condition of tyres | AB5: - | AP5: Left Margin | AV5: 0.76
A6: 95 | D6: (1), (2),(3), (4), (5), (6) & (7) (Tubeless / Tube / Bias / Radial) | K6: Size & ply rating of tyres | V6: Make | AB6: IS-15627:2005, AIS-051:2004 & AIS-110:2009
K7: Front | AP7: Right Margin | AV7: 0.45
AP9: Top Margin | AV9: 1.42
K11: Rear | AP11: Bottom Margin | AV11: 0
AP13: Header Margin | AV13: 0.2
A15: 96 | D15: (1), (2), (3), (4)(ii), (4B), (5), (6), (7)(a) & (8) | K15: Brakes | AB15: IS-11852:2001 (Part 1 to 8 as Applicable) | AP15: Footter Margin | AV15: 0
AB17: IS-15986:2015 (ABS)
A18: 96B | D18: (a) & (b) | K18: High Speed Brake Requirements | AB18: IS-11852:2001 (Part 3)
A19: 98 | D19: (3) | K19: Steering gear | AB19: IS-11948:2010
D20: (1), (2) | AB20: IS-12222:2011
A21: 99 | D21: - | K21: Forward and backward motion | AB21: -
A22: 100 | D22: (1), (2) & (3) | K22: Safety glass | AB22: IS-2553 (Part 2):1992
A23: 101 | D23: (1) & (2) | K23: Windscreen wiper | AB23: IS-15804:2008
A24: 102 | D24: (1) & (2) | K24: Signalling devices, direction indicators and stop lights | AB24: -
A25: 103 | D25: (1) & (2) | K25: Position of the indicator | AB25: -
A26: 104 | D26: (1) & (4) | K26: Fitment of reflectors | AB26: AIS-057:2005/AIS-057 (Rev. 1): 2010
A27: 105 | D27: (1) (a), (2), (3), (4) & (7) | K27: Lamps | AB27: -
A28: 106 | D28: (1) | K28: Deflection of lights | AB28: -
A29: 108 | D29: (1),(1) (iv), (7)-Only For Road Ambulance | K29: Use of red or white lights | AB29: -
A31: 109 | D31: - | K31: Parking light | AB31: -
A32: 111 | D32: - | K32: Prohibition of spotlights etc. | AB32: -
A33: 112 | D33: - | K33: Exhaust gases | AB33: -
... A35: 115 | D35: (1), (2)(ii), (15) [(a), (aa), (b)(i)] | K35: Emission of smoke, vapour, etc. from motor vehicle (OBD I & OBD II) | AB35: -
A37: 115G | D37: (1) & (2) | K37: Fuel Consumption Standard | AB37: -
A38: 117 | D38: (1) & (2) | K38: Speedometer | AB38: IS-11827:2008
A39: 118 | D39: (1) | K39: Speed Governor (SLD/ SLF - Make) | AB39: AIS-018:2001
A44: ICAT Ref No.
A45: Emission Report No.
A46: Noise Report No.
A47: Horn Inst. Report No. | U47: FTP Report No.
A48: AUTHORISED SIGNATORY
A54: PRASHANT VIJAY | U54: DINESH TYAGI | AI54: Page 2 of
A55: DEPUTY GENERAL MANAGER | U55: DIRECTOR | AI55: 6

Sheet Annexure - I Contd
A1: =Certificate!A1 -> C | B1: =Certificate!B1 -> A | C1: =Certificate!C1 -> N | D1: =Certificate!D1 -> F | E1: =Certificate!E1 -> 4567 | H1: =Certificate!H1 -> 0 | P1: ANNEXURE - I (Contd.) | AA1: Date : | AC1: DDth Month YYYY
A2: =Certificate!K10 -> M/s XXX Ltd. | U2: =Certificate!B19 -> XXXX
A3: Rule No. | D3: Sub Rule(s) | K3: Compliance Verified For | AB3: Standard
A4: 119 | D4: (1) & (2) | K4: Horns | N4: Installation | AB4: IS-15796:2008
N5: Limit : | R5: 93 dB(A) to 112 dB(A) | AP5: Left Margin | AV5: 0.76
N6: Observed : | R6: dB(A)
N7: Performance | AB7: IS-1884:1993 | AP7: Right Margin | AV7: 0.45
A8: 120 | D8: (1) | K8: Silencers | AB8: -
D9: (2) | K9: Pass by Noise | O9: Limit : | S9: 74 dB(A) | AB9: IS-3028:1998 | AP9: Top Margin | AV9: 1.42
O10: Observed : | S10: dB(A)
A11: 122 | D11: (1) & (2) | K11: Embossment of chassis number & engine number & month of manufacture (Ref: Table 11 of the Technical Specifications) | AB11: AIS-065:2005 | AP11: Bottom Margin | AV11: 0
A13: 124 | D13: Refer Annexure-IA & IB | K13: Safety standards of components as applicable | AB13: - | AP13: Header Margin | AV13: 0.2
A14: 125 | D14: (1), (1A) & (5) | K14: Safety Belt, Seats & their Anchorages | AB14: IS-15140:2003, IS-15139:2002 & IS-15546:2005
AP15: Footter Margin | AV15: 0
D16: (2)/(2)(c) | K16: Rear View Mirror | R16: Specifications | AB16: AIS-001:2001 / AIS-001 (Part 1) (Rev.1):2011
R17: Installation | AB17: AIS-002:2001 / AIS-002 (Part 1)(Rev.1):2011
D18: (8) | K18: Child Restraint System | AB18: AIS-072:2009
D19: (9) | K19: Additional Safety features for Category M & N Vehicles | AB19: AIS-145:2017
A20: 138 | D20: (4) (c) | K20: Warning Triangles- Size & Specifications | AB20: AIS-022:2001
D21: (4) (a) | K21: Temporary Use, Spare Wheel or Tyre / Run Flat Tyre | AB21: -
A23: ANNEXURE - IA
A24: Rule 124 (1) Table Sr. No. | E24: Parts / Components / Assemblies | V24: Standard | AE24: 4 Wheelers (M1/M1G Category)
A27: 1/1(a) | E27: Automobiles lamps (bulbs) | V27: AIS-034:2004/AIS-034 (Part 1) (Rev.1):2010 /AIS-034 (Part 2) (Rev.1 ) : 2010 | AE27: P
A28: 2 | E28: Hydraulic brake hose (if fitted) | V28: IS-7079:2008 | AE28: P/ NA
A29: 3 | E29: Hydraulic brake fluid (if fitted) | V29: IS-8654:1986 | AE29: P/ NA
A30: 5/5(b) | E30: Steering Impact (For 4W – GVW up to 1.5 t)/Requirement for behavior of steering mechanism of a vehicle in a Head-on Collision | V30: IS-11939:1996/AIS-096:2008 | AE30: P/ NA
A32: 5(c) | E32: Protection of Occupants in the event of an Offset Frontal collision | V32: AIS-098:2008 | AE32: P/ NA
A34: 6/6(b) | E34: Side Door Impact/Approval of vehicle with regard to the Protection of Occupants in the event of a Lateral Collision | V34: IS-12009:1995/AIS-099:2008 | AE34: P/ NA
A36: 6(c) | E36: Approval of vehicle with regard to the Protection of Pedestrian and other Vulnerable Road User in the event of a collision with a Motor Vehicle | V36: AIS-100:2010 | AE36: P/ NA
A39: 7(a)/(b) | E39: Fuel Tank (Metallic/Plastic) | V39: IS-12056:1987 /AIS-095:2007/IS-15547:2005 | AE39: P
A40: 8(a) | E40: Wheel Rims | V40: IS-9436:1980/IS-9438:1980 | AE40: P
A41: 11 | E41: External Projections | V41: IS-13942:1994/AIS-120:2014 | AE41: P
A42: 13 | E42: Wheel Guards | V42: IS-13943:1994 | AE42: P
A43: 14 | E43: Wheel Nuts, Disc & Hub Caps | V43: IS-13941:1994 | AE43: P
A45: AUTHORISED SIGNATORY
A51: PRASHANT VIJAY | U51: DINESH TYAGI | AI51: Page 3 of
A52: DEPUTY GENERAL MANAGER | U52: DIRECTOR | AI52: 6

Sheet Annexure - IA
A1: =Certificate!A1 -> C | B1: =Certificate!B1 -> A | C1: =Certificate!C1 -> N | D1: =Certificate!D1 -> F | E1: =Certificate!E1 -> 4567 | H1: =Certificate!H1 -> 0 | P1: ANNEXURE - IA(Contd.) | AA1: Date : | AC1: DDth Month YYYY
A2: =Certificate!K10 -> M/s XXX Ltd. | U2: =Certificate!B19 -> XXXX
A3: Rule 124 (1) Table Sr. No. | E3: Parts / Components / Assemblies | V3: Standard | AE3: 4 Wheelers (M1/M1G Category)
A5: 15 | E5: Accelerator Control System | V5: IS-14283:1995 | AE5: P/ NA | AP5: Left Margin | AV5: 0.76
A6: 16 | E6: Door Locks and Door Retention Components | V6: IS-14225:1995 | AE6: P
A7: 17 | E7: Hood Latch | V7: IS-14226:1995 | AE7: P | AP7: Right Margin | AV7: 0.45
A8: 18 | E8: Tell tale symbols and control | V8: AIS-071 : 2009 (Part-1 & Part-2) | AE8: P
A9: 20 | E9: Installation of Lighting/ Signalling Devices | V9: AIS-008:2010 (Rev 1) | AE9: P | AP9: Top Margin | AV9: 1.42
A10: 20(i) | E10: Performance Requirements of the Lighting/Signalling Devices | V10: AIS-012 : 2004 | AE10: P/ NA
A11: 20 (i)(a) | E11: Main-beam and dipped-beam headlamps | V11: AIS-010 (Part 1) (Rev.1):2010/AIS-010 (Part 2) (Rev.1):2010/AIS-010 (Part 4) (Rev.1):2010 | AE11: P/ NA | AP11: Bottom Margin | AV11: 0
A12: 20 (i)(b) | E12: Front fog lamps | V12: AIS-012 (Part 1) (Rev.1):2011 | AE12: P/ NA
A13: 20 (i)(c) | E13: Rear fog lamps | V13: AIS-012 (Part 2) (Rev.1):2011 | AE13: P/ NA | AP13: Header Margin | AV13: 0.2
A14: 20 (i)(d) | E14: Cornering Lamps | V14: AIS-012 (Part 3) (Rev.1):2011 | AE14: P/ NA
A15: 20 (i)(e) | E15: Rear registration plates (mark) illuminating lamps | V15: AIS-012 (Part 4) (Rev.1):2011 | AE15: P/ NA | AP15: Footter Margin | AV15: 0
A16: 20 (i)(e) | E16: Direction indicators | V16: AIS-012 (Part 5) (Rev.1):2011 | AE16: P/ NA
A17: 20 (i)(f) | E17: Front and rear position (side) lamps,stop-lamps and end-outline marker lamps | V17: AIS-012 (Part 6)(Rev.1) : 2011 | AE17: P/ NA
A19: 20 (i)(g) | E19: Reversing lamps | V19: AIS-012 (Part 7) (Rev.1):2011 | AE19: P/ NA
A20: 20 (i)(h) | E20: Parking lamps | V20: AIS-012 (Part 8) (Rev.1):2011 | AE20: P/ NA
A21: 20 (i)(i) | E21: Side-marker lamps | V21: AIS-012 (Part 9) (Rev.1):2011 | AE21: P/ NA
A22: 20 (i)(j) | E22: Daytime running lamps | V22: AIS-012 (Part 10) (Rev.1):2011 | AE22: P/ NA
A23: 21 (ii) | E23: Electromagnetic compatibility of motor vehicles | V23: AIS-004:2009 (Part - 3) | AE23: P
A24: 23 | E24: Gradeability | V24: AIS-003:1999 | AE24: P
A25: 31 (a) | E25: Fuel consumption (on driving cycle) | V25: Carbon balance method | AE25: P
A26: 34 | E26: Driver’s Field of vision for new vehicles of M1 category | V26: AIS-021 : 2004 | AE26: P
A27: 38 | E27: The interior fittings on automotive vehicles | V27: IS-15223:2002 | AE27: P
A28: 41 | E28: Bumper Test on M1 category | V28: IS-15901:2010 | AE28: P
A29: 45 | E29: Arrangement and mode of operation of foot controls | V29: AIS-035:2006 | AE29: P
A30: 46(a) | E30: Demisting System for M1 category | V30: AIS-084:2008 Part 1 | AE30: P
A31: 46(b) | E31: Defrosting System for M1 category (If Fitted) | V31: AIS-084:2008 Part 2 | AE31: P/ NA
A32: 50 | E32: Test procedure for measurement of minimum ground clearance for M1 category of vehicles | V32: IS-9435:2004 | AE32: P
A34: 51 | E34: Protective devices against unauthorised use for M and N category vehicles | V34: AIS-075:2006 | AE34: P
A36: 52 | E36: Vehicle Alarm Systems and Immobilizers for M category, and N category vehicles, if fitted | V36: AIS-076:2007 | AE36: P/ NA
A38: 53 | E38: Adaptive Front - Lighting System (AFS) if provided on motor vehicles of category M & N | V38: AIS-127:2016 | AE38: P/ NA
A44: AUTHORISED SIGNATORY
A50: PRASHANT VIJAY | U50: DINESH TYAGI | AI50: Page 4 of
A51: DEPUTY GENERAL MANAGER | U51: DIRECTOR | AI51: 6

Sheet Annexure IB & II
A1: =Certificate!A1 -> C | B1: =Certificate!B1 -> A | C1: =Certificate!C1 -> N | D1: =Certificate!D1 -> F | E1: =Certificate!E1 -> 4567 | H1: =Certificate!H1 -> 0 | AA1: Date : | AC1: DDth Month YYYY
A2: =Certificate!K10 -> M/s XXX Ltd. | P2: ANNEXURE - IB | U2: =Certificate!B19 -> XXXX
A3: CMV Rule | E3: Compliance Verified For | V3: Standard | AE3: Effective Date
A5: 2 (l) | E5: Definitions – category of vehicle | Q5: M1/M1G | V5: IS 14272: 2011 | AE5: 10.12.2018 | AP5: Left Margin | AV5: 0.76
A6: 124 (4) | E6: The procedure for Type Approval and establishing Conformity of Production for components | K6: Safety Glass/Tyres / Horn / Brake hose | V6: AIS-037:2004** | AE6: 01.04.2009
AP7: Right Margin | AV7: 0.45
K8: Bulbs/Safety Belt/Wheel rims/ Lighting and light Signaling Devices / Retro-Reflectors / Warning Triangles / RVM | AE8: 01.10.2009
AP9: Top Margin | AV9: 1.42
K11: Fuel Tank/ Door Locks & Door Retention component | AE11: 01.04.2010 | AP11: Bottom Margin | AV11: 0
AP13: Header Margin | AV13: 0.2
A14: ** Compliance needs to be established for Type approval /Conformity of Production for components, listed in the notification as per the specified dates.
AP15: Footter Margin | AV15: 0
A17: ANNEXURE - II
A18: Standards | O18: Notification | T18: Date | Y18: Effective From | AD18: Applicable CMVR
A19: Pass by Noise Limits | O19: GSR 111(E) | T19: 10.02.2004 | Y19: 01.04.2005 | AD19: 120 (2)
A20: Fuel Consumption | O20: GSR 954(E) | T20: 04.10.2016 | Y20: 01.04.2017 | AD20: 115G (1) & (2)
O21: GSR 1461(E) | T21: 27.11.2017 | Y21: 05.10.2016
A22: Temporary Use, Spare Wheel or tyre/Run Flat Tyre | O22: GSR 625(E) | T22: 08.08.2012 | Y22: 08.08.2012 | AD22: 95 (7)
A23: Brakes/ Lamps/ Retro Reflectors/ Category of Vehicles/ VIN/ Tyres/ Horn/Brake Hose/ Bulb/ Rear View Mirror/ Lighting & light signaling devices/ Fuel tank & Safety Components/ Tell Tale Symbols and Control/ Electromagnetic Compatibility of motor vehicles/ Horn Installation/ Exhaust Gases/ Location of Exhaust Pipes/Protective Devices etc. | O23: SO 1365(E) | T23: 13.12.2004 | Y23: Notified Dates | AD23: ANNEXURE – I/ ANNEXURE – IA/ ANNEXURE – IB
O24: GSR 589(E) | T24: 16.09.2005
O25: SO 1431(E) | T25: 20.08.2007
O26: GSR 784(E) | T26: 12.11.2008
O27: SO 2714(E) | T27: 04.11.2010
O28: SO 436(E) | T28: 15.03.2012
O29: GSR 291(E) | T29: 24.04.2014
O30: GSR 225(E) | T30: 26.03.2015
O31: SO 1139(E) | T31: 28.04.2015
O32: SO 2412(E) | T32: 03.09.2015
O33: SO 411(E) | T33: 09.02.2016
O34: GSR 868(E) | T34: 08.09.2016
O35: GSR 120(E) | T35: 10.02.2017
... O42: SO 6108( E) | T42: 10.12.2018
A45: AUTHORISED SIGNATORY
A51: PRASHANT VIJAY | U51: DINESH TYAGI | AI51: Page 5 of
A52: DEPUTY GENERAL MANAGER | U52: DIRECTOR | AI52: 6

Sheet Annexure - III
A1: =Certificate!A1 -> C | B1: =Certificate!B1 -> A | C1: =Certificate!C1 -> N | D1: =Certificate!D1 -> F | E1: =Certificate!E1 -> 4567 | H1: =Certificate!H1 -> 0 | AA1: Date : | AC1: DDth Month YYYY
A2: =Certificate!K10 -> M/s XXX Ltd. | P2: ANNEXURE - III | U2: =Certificate!B19 -> XXXX
A3: Sr. No. | D3: Variants | T3: Type & Category | AB3: Seating Capacity (incl driver) | AH3: GVW (kg)
AP5: Left Margin | AV5: 0.76
AP7: Right Margin | AV7: 0.45
AP9: Top Margin | AV9: 1.42
AP11: Bottom Margin | AV11: 0
AP13: Header Margin | AV13: 0.2
AP15: Footter Margin | AV15: 0
A45: AUTHORISED SIGNATORY
A51: PRASHANT VIJAY | U51: DINESH TYAGI | AI51: Page 6 of
A52: DEPUTY GENERAL MANAGER | U52: DIRECTOR | AI52: 6

Sheet System
D1: AIS007_TAB_VER2_VALUES | E1: Value
AB4: =LEFT($Z4,1) | AC4: =MID($Z$4,2,1) | AD4: =MID($Z$4,3,1) | AE4: =MID($Z$4,4,1) | AF4: =MID($Z$4,5,1) | AG4: =MID($Z$4,6,10)
A6: Approved | B6: NO
A7: No of Tables
A8: Name of the Table
F108: *
